,question,answer
0,A 品牌 3層不銹鋼烹飪鍋商品名稱是什麼？,商品名稱是 A 品牌 3層不銹鋼烹飪鍋。
1,A 品牌 3層不銹鋼烹飪鍋這款烹飪鍋的價格是多少？,"這款烹飪鍋的價格是 NT$1,299。"
2,A 品牌 3層不銹鋼烹飪鍋這款烹飪鍋的用途是什麼？,這款烹飪鍋適用於烹飪各種菜餚，從炒菜到煮湯。
3,A 品牌 3層不銹鋼烹飪鍋這款烹飪鍋的外觀是什麼樣子？,這款烹飪鍋外觀採用經典不銹鋼設計，耐用而且易於清潔。
4,A 品牌 3層不銹鋼烹飪鍋這款烹飪鍋的貨號是什麼？,這款烹飪鍋的貨號是 AB12345。
5,A 品牌 3層不銹鋼烹飪鍋這款烹飪鍋的貨架代碼是什麼？,這款烹飪鍋的貨架代碼是 A01。
6,A 品牌 LED 可充電手電筒商品名稱是什麼？,商品名稱是 A 品牌 LED 可充電手電筒。
7,A 品牌 LED 可充電手電筒這款手電筒的價格是多少？,這款手電筒的價格是 NT$299。
8,A 品牌 LED 可充電手電筒這款手電筒的用途是什麼？,這款手電筒提供強力光線，適用於露營、夜間散步等戶外活動。
9,A 品牌 LED 可充電手電筒這款手電筒的外觀是什麼樣子？,這款手電筒外觀採用輕便設計，握感舒適，具有防水功能。
10,A 品牌 LED 可充電手電筒這款手電筒的貨號是什麼？,這款手電筒的貨號是 AB23456。
11,A 品牌 LED 可充電手電筒這款手電筒的貨架代碼是什麼？,這款手電筒的貨架代碼是 B02。
12,A 品牌 高效能電動牙刷商品名稱是什麼？,商品名稱是 A 品牌 高效能電動牙刷。
13,A 品牌 高效能電動牙刷這款電動牙刷的價格是多少？,這款電動牙刷的價格是 NT$499。
14,A 品牌 高效能電動牙刷這款電動牙刷的用途是什麼？,這款電動牙刷提供深層清潔，有助於預防牙菌斑和牙周疾病。
15,A 品牌 高效能電動牙刷這款電動牙刷的外觀是什麼樣子？,這款電動牙刷外觀採用精巧設計，配有多種刷頭，適合不同需求。
16,A 品牌 高效能電動牙刷這款電動牙刷的貨號是什麼？,這款電動牙刷的貨號是 AB34567。
17,A 品牌 高效能電動牙刷這款電動牙刷的貨架代碼是什麼？,這款電動牙刷的貨架代碼是 C03。
18,A 品牌 多功能組合工具組商品名稱是什麼？,商品名稱是 A 品牌 多功能組合工具組。
19,A 品牌 多功能組合工具組這款工具組的價格是多少？,這款工具組的價格是 NT$799。
20,A 品牌 多功能組合工具組這款工具組的用途是什麼？,這款工具組可以應付各種修理和組裝工作，是家庭必備工具。
21,A 品牌 多功能組合工具組這款工具組的外觀是什麼樣子？,這款工具組外觀採用全套工具齊全的設計，包括起子、扳手等，方便攜帶。
22,A 品牌 多功能組合工具組這款工具組的貨號是什麼？,這款工具組的貨號是 AB45678。
23,A 品牌 多功能組合工具組這款工具組的貨架代碼是什麼？,這款工具組的貨架代碼是 D04。
24,A 品牌 不漏水保溫壺商品名稱是什麼？,商品名稱是 A 品牌 不漏水保溫壺。
25,A 品牌 不漏水保溫壺這款保溫壺的價格是多少？,這款保溫壺的價格是 NT$399。
26,A 品牌 不漏水保溫壺這款保溫壺的用途是什麼？,這款保溫壺的用途是保溫功能出色，適合在辦公室或家中使用。
27,A 品牌 不漏水保溫壺這款保溫壺的外觀是什麼樣子？,這款保溫壺外觀採用不銹鋼材質，造型時尚，容量適中。
28,A 品牌 不漏水保溫壺這款保溫壺的貨號是什麼？,這款保溫壺的貨號是 AB56789。
29,A 品牌 不漏水保溫壺這款保溫壺的貨架代碼是什麼？,這款保溫壺的貨架代碼是 E05。
30,A 品牌 純棉浴巾組商品名稱是什麼？,商品名稱是 A 品牌 純棉浴巾組。
31,A 品牌 純棉浴巾組這款浴巾組的價格是多少？,這款浴巾組的價格是 NT$199。
32,A 品牌 純棉浴巾組這款浴巾組的用途是什麼？,這款浴巾組提供柔軟舒適的觸感，適用於沐浴和游泳後使用。
33,A 品牌 純棉浴巾組這款浴巾組的外觀是什麼樣子？,這款浴巾組外觀採用多種顏色可選的設計，吸水性強，易於清洗。
34,A 品牌 純棉浴巾組這款浴巾組的貨號是什麼？,這款浴巾組的貨號是 AB67890。
35,A 品牌 純棉浴巾組這款浴巾組的貨架代碼是什麼？,這款浴巾組的貨架代碼是 F06。
36,A 品牌 不銹鋼保溫食物盒商品名稱是什麼？,商品名稱是 A 品牌 不銹鋼保溫食物盒。
37,A 品牌 不銹鋼保溫食物盒這款食物盒的價格是多少？,這款食物盒的價格是 NT$249。
38,A 品牌 不銹鋼保溫食物盒這款食物盒的用途是什麼？,這款食物盒適用於攜帶午餐或儲存食物，保持食物溫熱。
39,A 品牌 不銹鋼保溫食物盒這款食物盒的外觀是什麼樣子？,這款食物盒外觀採用環保材質，結構堅固，具有密封性。
40,A 品牌 不銹鋼保溫食物盒這款食物盒的貨號是什麼？,這款食物盒的貨號是 AB78901。
41,A 品牌 不銹鋼保溫食物盒這款食物盒的貨架代碼是什麼？,這款食物盒的貨架代碼是 G07。
42,A 品牌 無線充電器商品名稱是什麼？,商品名稱是 A 品牌 無線充電器。
43,A 品牌 無線充電器這款充電器的價格是多少？,這款充電器的價格是 NT$199。
44,A 品牌 無線充電器這款充電器的用途是什麼？,這款充電器用於智能手機等設備的無線充電，方便快捷。
45,A 品牌 無線充電器這款充電器的外觀是什麼樣子？,這款充電器外觀採用簡潔設計，輕便易攜，支援快速充電。
46,A 品牌 無線充電器這款充電器的貨號是什麼？,這款充電器的貨號是 AB89012。
47,A 品牌 無線充電器這款充電器的貨架代碼是什麼？,這款充電器的貨架代碼是 H08。
48,A 品牌 純棉床單套裝商品名稱是什麼？,商品名稱是 A 品牌 純棉床單套裝。
49,A 品牌 純棉床單套裝這款床單套裝的價格是多少？,這款床單套裝的價格是 NT$599。
50,A 品牌 純棉床單套裝這款床單套裝的用途是什麼？,這款床單套裝提供舒適的睡眠環境，適用於各種床墊。
51,A 品牌 純棉床單套裝這款床單套裝的外觀是什麼樣子？,這款床單套裝外觀採用精選純棉材質，柔軟舒適，顏色鮮艷。
52,A 品牌 純棉床單套裝這款床單套裝的貨號是什麼？,這款床單套裝的貨號是 AB90123。
53,A 品牌 純棉床單套裝這款床單套裝的貨架代碼是什麼？,這款床單套裝的貨架代碼是 I09。
54,A 品牌 多功能電動按摩器商品名稱是什麼？,商品名稱是 A 品牌 多功能電動按摩器。
55,A 品牌 多功能電動按摩器這款按摩器的價格是多少？,這款按摩器的價格是 NT$699。
56,A 品牌 多功能電動按摩器這款按摩器的用途是什麼？,這款按摩器提供舒緩肌肉疲勞和放鬆身心的按摩功能。
57,A 品牌 多功能電動按摩器這款按摩器的外觀是什麼樣子？,這款按摩器外觀採用人體工學設計，多種按摩模式，操作簡單。
58,A 品牌 多功能電動按摩器這款按摩器的貨號是什麼？,這款按摩器的貨號是 AB01234。
59,A 品牌 多功能電動按摩器這款按摩器的貨架代碼是什麼？,這款按摩器的貨架代碼是 J10。
60,A 品牌 無線耳機商品名稱是什麼？,商品名稱是 A 品牌 無線耳機。
61,A 品牌 無線耳機這款耳機的價格是多少？,這款耳機的價格是 NT$399。
62,A 品牌 無線耳機這款耳機的用途是什麼？,這款耳機提供高品質音響享受，適用於運動和日常使用。
63,A 品牌 無線耳機這款耳機的外觀是什麼樣子？,這款耳機外觀採用小巧輕便的設計，戴上舒適，支援藍牙連接。
64,A 品牌 無線耳機這款耳機的貨號是什麼？,這款耳機的貨號是 AB12345。
65,A 品牌 無線耳機這款耳機的貨架代碼是什麼？,這款耳機的貨架代碼是 K11。
66,A 品牌 輕便行李箱商品名稱是什麼？,商品名稱是 A 品牌 輕便行李箱。
67,A 品牌 輕便行李箱這款行李箱的價格是多少？,這款行李箱的價格是 NT$799。
68,A 品牌 輕便行李箱這款行李箱的用途是什麼？,這款行李箱適用於短途旅行或商務出行，輕便易攜。
69,A 品牌 輕便行李箱這款行李箱的外觀是什麼樣子？,這款行李箱外觀採用耐用材質，內部空間大，有多個拉鏈口袋。
70,A 品牌 輕便行李箱這款行李箱的貨號是什麼？,這款行李箱的貨號是 AB23456。
71,A 品牌 輕便行李箱這款行李箱的貨架代碼是什麼？,這款行李箱的貨架代碼是 L12。
72,A 品牌 多功能廚房刀具組商品名稱是什麼？,商品名稱是 A 品牌 多功能廚房刀具組。
73,A 品牌 多功能廚房刀具組這款刀具組的價格是多少？,這款刀具組的價格是 NT$399。
74,A 品牌 多功能廚房刀具組這款刀具組的用途是什麼？,這款刀具組包含各種刀具，適用於烹飪和食材處理。
75,A 品牌 多功能廚房刀具組這款刀具組的外觀是什麼樣子？,這款刀具組外觀質地優良，刀刃鋒利，具有防滑手柄設計。
76,A 品牌 多功能廚房刀具組這款刀具組的貨號是什麼？,這款刀具組的貨號是 AB34567。
77,A 品牌 多功能廚房刀具組這款刀具組的貨架代碼是什麼？,這款刀具組的貨架代碼是 M13。
78,A 品牌 防水運動手錶商品名稱是什麼？,商品名稱是 A 品牌 防水運動手錶。
79,A 品牌 防水運動手錶這款手錶的價格是多少？,這款手錶的價格是 NT$599。
80,A 品牌 防水運動手錶這款手錶的用途是什麼？,這款手錶適用於運動和日常佩戴，具有防水功能。
81,A 品牌 防水運動手錶這款手錶的外觀是什麼樣子？,這款手錶外觀輕巧時尚，支援多種運動模式，具有智能功能。
82,A 品牌 防水運動手錶這款手錶的貨號是什麼？,這款手錶的貨號是 AB45678。
83,A 品牌 防水運動手錶這款手錶的貨架代碼是什麼？,這款手錶的貨架代碼是 N14。
84,A 品牌 USB 充電線商品名稱是什麼？,商品名稱是 A 品牌 USB 充電線。
85,A 品牌 USB 充電線這款充電線的價格是多少？,這款充電線的價格是 NT$99。
86,A 品牌 USB 充電線這款充電線的用途是什麼？,這款充電線用於智能手機、平板電腦等設備的充電和數據傳輸。
87,A 品牌 USB 充電線這款充電線的外觀是什麼樣子？,這款充電線外觀耐用，支援快速充電，長度適中。
88,A 品牌 USB 充電線這款充電線的貨號是什麼？,這款充電線的貨號是 AB56789。
89,A 品牌 USB 充電線這款充電線的貨架代碼是什麼？,這款充電線的貨架代碼是 O15。
90,A 品牌 抗UV太陽眼鏡商品名稱是什麼？,商品名稱是 A 品牌 抗UV太陽眼鏡。
91,A 品牌 抗UV太陽眼鏡這款太陽眼鏡的價格是多少？,這款太陽眼鏡的價格是 NT$199。
92,A 品牌 抗UV太陽眼鏡這款太陽眼鏡的用途是什麼？,這款太陽眼鏡提供眼睛保護，適用於戶外活動和日常佩戴。
93,A 品牌 抗UV太陽眼鏡這款太陽眼鏡的外觀是什麼樣子？,這款太陽眼鏡外觀時尚款式，輕便舒適，具有抗UV功能。
94,A 品牌 抗UV太陽眼鏡這款太陽眼鏡的貨號是什麼？,這款太陽眼鏡的貨號是 AB67890。
95,A 品牌 抗UV太陽眼鏡這款太陽眼鏡的貨架代碼是什麼？,這款太陽眼鏡的貨架代碼是 P16。
96,A 品牌 多功能電動剃鬚刀商品名稱是什麼？,商品名稱是 A 品牌 多功能電動剃鬚刀。
97,A 品牌 多功能電動剃鬚刀這款剃鬚刀的價格是多少？,這款剃鬚刀的價格是 NT$599。
98,A 品牌 多功能電動剃鬚刀這款剃鬚刀的用途是什麼？,這款剃鬚刀提供舒適的剃鬚體驗，適用於男士日常修容。
99,A 品牌 多功能電動剃鬚刀這款剃鬚刀的外觀是什麼樣子？,這款剃鬚刀刀頭設計精巧，充電方便，適合旅行攜帶。
100,A 品牌 多功能電動剃鬚刀這款剃鬚刀的貨號是什麼？,這款剃鬚刀的貨號是 AB78901。
101, A 品牌 多功能電動剃鬚刀這款剃鬚刀的貨架代碼是什麼？,這款剃鬚刀的貨架代碼是 Q17。
102,A 品牌 多功能手提電腦包商品名稱是什麼？,商品名稱是 A 品牌 多功能手提電腦包。
103,A 品牌 多功能手提電腦包這款手提電腦包的價格是多少？,這款手提電腦包的價格是 NT$299。
104,A 品牌 多功能手提電腦包這款手提電腦包的用途是什麼？,這款手提電腦包提供電腦保護和便利攜帶，適用於上班族和學生。
105,A 品牌 多功能手提電腦包這款手提電腦包的外觀是什麼樣子？,這款手提電腦包外觀輕便設計，內部有多個隔間，配有肩帶。
106, A 品牌 多功能手提電腦包這款手提電腦包的貨號是什麼？,這款手提電腦包的貨號是 AB89012。
107, A 品牌 多功能手提電腦包這款手提電腦包的貨架代碼是什麼？,這款手提電腦包的貨架代碼是 R18。
108,A 品牌 高效能電動吸塵器商品名稱是什麼？,商品名稱是 A 品牌 高效能電動吸塵器。
109,A 品牌 高效能電動吸塵器這款吸塵器的價格是多少？,這款吸塵器的價格是 NT$899。
110,A 品牌 高效能電動吸塵器這款吸塵器的用途是什麼？,這款吸塵器提供強力吸力，適用於家庭清潔，能清除灰塵和垃圾。
111,A 品牌 高效能電動吸塵器這款吸塵器的外觀是什麼樣子？,這款吸塵器外觀輕巧設計，易於操作，配有多種吸頭。
112,A 品牌 高效能電動吸塵器這款吸塵器的貨號是什麼？,這款吸塵器的貨號是 AB90123。
113,A 品牌 高效能電動吸塵器這款吸塵器的貨架代碼是什麼？,這款吸塵器的貨架代碼是 S19。
114,A 品牌 隨身保濕噴霧商品名稱是什麼？,商品名稱是 A 品牌 隨身保濕噴霧。
115,A 品牌 隨身保濕噴霧這款保濕噴霧的價格是多少？,這款保濕噴霧的價格是 NT$79。
116,A 品牌 隨身保濕噴霧這款保濕噴霧的用途是什麼？,這款保濕噴霧提供皮膚保濕和舒緩，適用於乾燥的環境和長時間在室內。
117,A 品牌 隨身保濕噴霧這款保濕噴霧的外觀是什麼樣子？,這款保濕噴霧外觀小巧便攜，方便隨身攜帶，具有清新香味。
118,A 品牌 隨身保濕噴霧這款保濕噴霧的貨號是什麼？,這款保濕噴霧的貨號是 AB01234。
119,A 品牌 隨身保濕噴霧這款保濕噴霧的貨架代碼是什麼？,這款保濕噴霧的貨架代碼是 T20。
120,B 品牌 不鏽鋼熱水壺商品名稱是什麼？,商品名稱是 B 品牌 不鏽鋼熱水壺。
121,B 品牌 不鏽鋼熱水壺這款熱水壺的價格是多少？,這款熱水壺的價格是 NT$599。
122,B 品牌 不鏽鋼熱水壺這款熱水壺的用途是什麼？,這款熱水壺用途是煮沸水，適用於泡茶、泡咖啡等。
123,B 品牌 不鏽鋼熱水壺這款熱水壺的外觀是什麼樣子？,這款熱水壺外觀描述是不鏽鋼材質，防鏽耐用，設計簡潔。
124,B 品牌 不鏽鋼熱水壺這款熱水壺的貨號是什麼？,這款熱水壺的貨號是 BB12345。
125,B 品牌 不鏽鋼熱水壺這款熱水壺的貨架代碼是什麼？,這款熱水壺的貨架代碼是 A01。
126,B 品牌 便攜式充電寶商品名稱是什麼？,商品名稱是 B 品牌 便攜式充電寶。
127,B 品牌 便攜式充電寶這款充電寶的價格是多少？,這款充電寶的價格是 NT$299。
128,B 品牌 便攜式充電寶這款充電寶的用途是什麼？,這款充電寶的用途是充電行動設備，如手機、平板電腦等。
129,B 品牌 便攜式充電寶這款充電寶的外觀是什麼樣子？,這款充電寶的外觀描述是小巧輕便，容量適中，便於攜帶。
130,B 品牌 便攜式充電寶這款充電寶的貨號是什麼？,這款充電寶的貨號是 BB23456。
131,B 品牌 便攜式充電寶這款充電寶的貨架代碼是什麼？,這款充電寶的貨架代碼是 B02。
132,B 品牌 智能手環商品名稱是什麼？,商品名稱是 B 品牌 智能手環。
133,B 品牌 智能手環這款智能手環的價格是多少？,這款智能手環的價格是 NT$499。
134,B 品牌 智能手環這款智能手環的用途是什麼？,這款智能手環的用途是監測健康數據，如心率、睡眠等，支援運動追蹤。
135,B 品牌 智能手環這款智能手環的外觀是什麼樣子？,這款智能手環的外觀描述是精美外觀，多功能顯示屏，舒適佩戴。
136,B 品牌 智能手環這款智能手環的貨號是什麼？,這款智能手環的貨號是 BB34567。
137,B 品牌 智能手環這款智能手環的貨架代碼是什麼？,這款智能手環的貨架代碼是 C03。
138,B 品牌 LED 台燈商品名稱是什麼？,商品名稱是 B 品牌 LED 台燈。
139,B 品牌 LED 台燈這款 LED 台燈的價格是多少？,這款 LED 台燈的價格是 NT$199。
140,B 品牌 LED 台燈這款 LED 台燈的用途是什麼？,這款 LED 台燈的用途是提供閱讀、學習和工作用光線，節能環保。
141,B 品牌 LED 台燈這款 LED 台燈的外觀是什麼樣子？,這款 LED 台燈的外觀描述是簡潔時尚設計，亮度可調，觸控開關。
142,B 品牌 LED 台燈這款 LED 台燈的貨號是什麼？,這款 LED 台燈的貨號是 BB67890。
143,B 品牌 LED 台燈這款 LED 台燈的貨架代碼是什麼？,這款 LED 台燈的貨架代碼是 F0
144,B 品牌 陶瓷餐具套裝商品名稱是什麼？,商品名稱是 B 品牌 陶瓷餐具套裝。
145,B 品牌 陶瓷餐具套裝這款餐具套裝的價格是多少？,這款餐具套裝的價格是 NT$399。
146,B 品牌 陶瓷餐具套裝這款餐具套裝的用途是什麼？,這款餐具套裝的用途是用於進食，具有耐熱性和美觀性。
147,B 品牌 陶瓷餐具套裝這款餐具套裝的外觀是什麼樣子？,這款餐具套裝的外觀描述是陶瓷材質，多款圖案可選，安全衛生。
148,B 品牌 陶瓷餐具套裝這款餐具套裝的貨號是什麼？,這款餐具套裝的貨號是 BB78901。
149,B 品牌 陶瓷餐具套裝這款餐具套裝的貨架代碼是什麼？,這款餐具套裝的貨架代碼是 G07。
150,B 品牌 多功能電動剃鬚刀商品名稱是什麼？,商品名稱是 B 品牌 多功能電動剃鬚刀。
151,B 品牌 多功能電動剃鬚刀這款電動剃鬚刀的價格是多少？,這款電動剃鬚刀的價格是 NT$599。
152,B 品牌 多功能電動剃鬚刀這款電動剃鬚刀的用途是什麼？,這款電動剃鬚刀的用途是提供舒適的剃鬚體驗，適用於男士日常修容。
153,B 品牌 多功能電動剃鬚刀這款電動剃鬚刀的外觀是什麼樣子？,這款電動剃鬚刀的外觀描述是刀頭設計精巧，充電方便，適合旅行攜帶。
154,B 品牌 多功能電動剃鬚刀這款電動剃鬚刀的貨號是什麼？,這款電動剃鬚刀的貨號是 BB89012。
155,B 品牌 多功能電動剃鬚刀這款電動剃鬚刀的貨架代碼是什麼？,這款電動剃鬚刀的貨架代碼是 H08。
156,B 品牌 抗菌牙刷商品名稱是什麼？,商品名稱是 B 品牌 抗菌牙刷。
157,B 品牌 抗菌牙刷這款牙刷的價格是多少？,這款牙刷的價格是 NT$99。
158,B 品牌 抗菌牙刷這款牙刷的用途是什麼？,這款牙刷的用途是清潔牙齒，保持口腔衛生，具有抗菌功能。
159,B 品牌 抗菌牙刷這款牙刷的外觀是什麼樣子？,這款牙刷的外觀描述是舒適握感，刷毛柔軟，符合人體工學設計。
160,B 品牌 抗菌牙刷這款牙刷的貨號是什麼？,這款牙刷的貨號是 BB45678。
161,B 品牌 抗菌牙刷這款牙刷的貨架代碼是什麼？,這款牙刷的貨架代碼是 D04。
162,B 品牌 食物保鮮盒套裝商品名稱是什麼？,商品名稱是 B 品牌 食物保鮮盒套裝。
163,B 品牌 食物保鮮盒套裝這款食物保鮮盒套裝的價格是多少？,這款食物保鮮盒套裝的價格是 NT$199。
164,B 品牌 食物保鮮盒套裝這款食物保鮮盒套裝的用途是什麼？,這款食物保鮮盒套裝的用途是儲存食物，保持食物新鮮，避免食物變質。
165,B 品牌 食物保鮮盒套裝這款食物保鮮盒套裝的外觀是什麼樣子？,這款食物保鮮盒套裝的外觀描述是多種尺寸套裝，環保材質，密封性好。
166,B 品牌 食物保鮮盒套裝這款食物保鮮盒套裝的貨號是什麼？,這款食物保鮮盒套裝的貨號是 BB56789。
167,B 品牌 食物保鮮盒套裝這款食物保鮮盒套裝的貨架代碼是什麼？,這款食物保鮮盒套裝的貨架代碼是 E05。
168,B 品牌 輕巧行李箱商品名稱是什麼？,商品名稱是 B 品牌 輕巧行李箱。
169,B 品牌 輕巧行李箱這款行李箱的價格是多少？,這款行李箱的價格是 NT$799。
170,B 品牌 輕巧行李箱這款行李箱的用途是什麼？,這款行李箱的用途是適用於短途旅行或商務出行，輕巧易攜。
171,B 品牌 輕巧行李箱這款行李箱的外觀是什麼樣子？,這款行李箱的外觀描述是耐用材質，內部空間大，有多個拉鏈口袋。
172,B 品牌 輕巧行李箱這款行李箱的貨號是什麼？,這款行李箱的貨號是 BB90123。
173,B 品牌 輕巧行李箱這款行李箱的貨架代碼是什麼？,這款行李箱的貨架代碼是 I09。
174,B 品牌 便攜式電風扇商品名稱是什麼？,商品名稱是 B 品牌 便攜式電風扇。
175,B 品牌 便攜式電風扇這款電風扇的價格是多少？,這款電風扇的價格是 NT$149。
176,B 品牌 便攜式電風扇這款電風扇的用途是什麼？,這款電風扇的用途是提供清涼風，適用於辦公室、臥室等場所。
177,B 品牌 便攜式電風扇這款電風扇的外觀是什麼樣子？,這款電風扇的外觀描述是小巧輕便，靜音運轉，可調風速。
178,B 品牌 便攜式電風扇這款電風扇的貨號是什麼？,這款電風扇的貨號是 BB01234。
179,B 品牌 便攜式電風扇這款電風扇的貨架代碼是什麼？,這款電風扇的貨架代碼是 J10。
180,B 品牌 防水運動耳機商品名稱是什麼？,商品名稱是 B 品牌 防水運動耳機。
181,B 品牌 防水運動耳機這款耳機的價格是多少？,這款耳機的價格是 NT$199。
182,B 品牌 防水運動耳機這款耳機的用途是什麼？,這款耳機的用途是提供高品質音響享受，適用於運動和日常使用。
183,B 品牌 防水運動耳機這款耳機的外觀是什麼樣子？,這款耳機的外觀描述是耐汗防水設計，戴上舒適，音質清晰。
184,B 品牌 防水運動耳機這款耳機的貨號是什麼？,這款耳機的貨號是 BB12345。
185,B 品牌 防水運動耳機這款耳機的貨架代碼是什麼？,這款耳機的貨架代碼是 K11。
186,B 品牌 環保購物袋商品名稱是什麼？,商品名稱是 B 品牌 環保購物袋。
187,B 品牌 環保購物袋這款購物袋的價格是多少？,這款購物袋的價格是 NT$49。
188,B 品牌 環保購物袋這款購物袋的用途是什麼？,這款購物袋的用途是替代塑料袋，環保節能，適用於購物和收納。
189,B 品牌 環保購物袋這款購物袋的外觀是什麼樣子？,這款購物袋的外觀描述是可折疊設計，經久耐用，多種圖案可選。
190,B 品牌 環保購物袋這款購物袋的貨號是什麼？,這款購物袋的貨號是 BB23456。
191,B 品牌 環保購物袋這款購物袋的貨架代碼是什麼？,這款購物袋的貨架代碼是 L12。
192,B 品牌 多功能料理機商品名稱是什麼？,商品名稱是 B 品牌 多功能料理機。
193,B 品牌 多功能料理機這款料理機的價格是多少？,這款料理機的價格是 NT$699。
194,B 品牌 多功能料理機這款料理機的用途是什麼？,這款料理機的用途是碎肉、打蛋、搗茶等多功能廚房小幫手。
195,B 品牌 多功能料理機這款料理機的外觀是什麼樣子？,這款料理機的外觀描述是精緻外觀，操作簡單，容易清洗。
196,B 品牌 多功能料理機這款料理機的貨號是什麼？,這款料理機的貨號是 BB34567。
197,B 品牌 多功能料理機這款料理機的貨架代碼是什麼？,這款料理機的貨架代碼是 M13。
198,B 品牌 電動牙刷商品名稱是什麼？,商品名稱是 B 品牌 電動牙刷。
199,B 品牌 電動牙刷這款電動牙刷的價格是多少？,這款電動牙刷的價格是 NT$199。
200,B 品牌 電動牙刷這款電動牙刷的用途是什麼？,這款電動牙刷的用途是提供深層清潔，有助於預防牙菌斑和牙周疾病。
201,B 品牌 電動牙刷這款電動牙刷的外觀是什麼樣子？,這款電動牙刷的外觀描述是精巧設計，配有多種刷頭，適合不同需求。
202,B 品牌 電動牙刷這款電動牙刷的貨號是什麼？,這款電動牙刷的貨號是 BB45678。
203,B 品牌 電動牙刷這款電動牙刷的貨架代碼是什麼？,這款電動牙刷的貨架代碼是 N14。
204,B 品牌 抗UV太陽眼鏡商品名稱是什麼？,商品名稱是 B 品牌 抗UV太陽眼鏡。
205,B 品牌 抗UV太陽眼鏡這款太陽眼鏡的價格是多少？,這款太陽眼鏡的價格是 NT$299。
206,B 品牌 抗UV太陽眼鏡這款太陽眼鏡的用途是什麼？,這款太陽眼鏡的用途是提供眼睛保護，適用於戶外活動和日常佩戴。
207,B 品牌 抗UV太陽眼鏡這款太陽眼鏡的外觀是什麼樣子？,這款太陽眼鏡的外觀描述是時尚款式，輕便舒適，具有抗UV功能。
208,B 品牌 抗UV太陽眼鏡這款太陽眼鏡的貨號是什麼？,這款太陽眼鏡的貨號是 BB56789。
209,B 品牌 抗UV太陽眼鏡這款太陽眼鏡的貨架代碼是什麼？,這款太陽眼鏡的貨架代碼是 O15。
210,B 品牌 輕便水壺商品名稱是什麼？,商品名稱是 B 品牌 輕便水壺。
211,B 品牌 輕便水壺這款水壺的價格是多少？,這款水壺的價格是 NT$79。
212,B 品牌 輕便水壺這款水壺的用途是什麼？,這款水壺的用途是攜帶飲用水，適用於運動、郊遊等活動。
213,B 品牌 輕便水壺這款水壺的外觀是什麼樣子？,這款水壺的外觀描述是輕便設計，耐用不易破損，多種顏色可選。
214,B 品牌 輕便水壺這款水壺的貨號是什麼？,這款水壺的貨號是 BB67890。
215,B 品牌 輕便水壺這款水壺的貨架代碼是什麼？,這款水壺的貨架代碼是 P16。
216,B 品牌 多功能電子計算器商品名稱是什麼？,商品名稱是 B 品牌 多功能電子計算器。
217,B 品牌 多功能電子計算器這款電子計算器的價格是多少？,這款電子計算器的價格是 NT$99。
218,B 品牌 多功能電子計算器這款電子計算器的用途是什麼？,這款電子計算器的用途是做數學運算，適用於學生和辦公室使用。
219,B 品牌 多功能電子計算器這款電子計算器的外觀是什麼樣子？,這款電子計算器的外觀描述是簡潔外觀，操作簡單，具有基本計算功能。
220,B 品牌 多功能電子計算器這款電子計算器的貨號是什麼？,這款電子計算器的貨號是 BB78901。
221,B 品牌 多功能電子計算器這款電子計算器的貨架代碼是什麼？,這款電子計算器的貨架代碼是 Q17。
222,B 品牌 純棉浴巾商品名稱是什麼？,商品名稱是 B 品牌 純棉浴巾。
223,B 品牌 純棉浴巾這款浴巾的價格是多少？,這款浴巾的價格是 NT$149。
224,B 品牌 純棉浴巾這款浴巾的用途是什麼？,這款浴巾的用途是提供柔軟舒適的觸感，適用於沐浴和游泳後使用。
225,B 品牌 純棉浴巾這款浴巾的外觀是什麼樣子？,這款浴巾的外觀描述是多種顏色可選，吸水性強，易於清洗。
226,B 品牌 純棉浴巾這款浴巾的貨號是什麼？,這款浴巾的貨號是 BB89012。
227,B 品牌 純棉浴巾這款浴巾的貨架代碼是什麼？,這款浴巾的貨架代碼是 R18。
228,B 品牌 鋼筆商品名稱是什麼？,商品名稱是 B 品牌 鋼筆。
229,B 品牌 鋼筆這款鋼筆的價格是多少？,這款鋼筆的價格是 NT$29。
230,B 品牌 鋼筆這款鋼筆的用途是什麼？,這款鋼筆的用途是書寫工具，適用於書寫筆記、簽名等。
231,B 品牌 鋼筆這款鋼筆的外觀是什麼樣子？,這款鋼筆的外觀描述是精緻外觀，筆頭流暢，書寫舒適。
232,B 品牌 鋼筆這款鋼筆的貨號是什麼？,這款鋼筆的貨號是 BB90123。
233,B 品牌 鋼筆這款鋼筆的貨架代碼是什麼？,這款鋼筆的貨架代碼是 S19。
234,B 品牌 可折疊雨傘商品名稱是什麼？,商品名稱是 B 品牌 可折疊雨傘。
235,B 品牌 可折疊雨傘這款雨傘的價格是多少？,這款雨傘的價格是 NT$99。
236,B 品牌 可折疊雨傘這款雨傘的用途是什麼？,這款雨傘的用途是遮陽避雨，便於攜帶，適用於下雨天氣。
237,B 品牌 可折疊雨傘這款雨傘的外觀是什麼樣子？,這款雨傘的外觀描述是輕便設計，多款顏色可選，防風防水。
238,B 品牌 可折疊雨傘這款雨傘的貨號是什麼？,這款雨傘的貨號是 BB01234。
239,B 品牌 可折疊雨傘這款雨傘的貨架代碼是什麼？,這款雨傘的貨架代碼是 T20。
